{
	"id" : 584,
	"key" : "drill",
	"name" : "K_ITEM_NAME_DRILL",
	"width" : 1,
	"height" : 1,
	"icon" : "sprItemDrill",
	"quantity_max" : 1,
	"type" : "Tool",
	"show" : 0,
	"auto_swing" : 1,
	"action" : 11,
	"speed" : 320,
	"damage" : 10,
	"crit_chance" : 0,
	"knockback" : 0,
	"pierce" : 0,
	"ammo_required" : null,
	"ammo_type" : null,
	"ammo_generated" : null,
	"description" : "",
	"aim_range" : 1.70,
	"ingame_sprite" : "sprItemDrillIngame",
	"build_block" : null,
	"trail_type" : null,
	"buy" : 50000,
	"sell" : 20000,
	"fixed_damage" : null,
	"summon" : null,
	"consume_sound" : null,
	"emits_light" : null,
	"power" : 50,
	"mana_consumption" : 0,
	"buff_list" : null,
	"crit_damage" : 1,
	"use_animation" : "seqWeaponDrill",
	"damage_reduction" : 0,
	"axe_damage" : 10,
	"pickaxe_damage" : 10,
	"use_particle_animation" : "null",
	"use_sound" : 314,
	"contact_damage" : 1,
	"cs_onitemuse" : null,
	"dispersion" : 0,
	"actions_per_second" : 160,
	"swing_arc" : 120,
	"use_animation_easing" : 28,
	"consume_buffs" : null,
	"consume_duration" : null,
	"ingame_hand_sprite" : null,
	"potion_sickness" : null,
	"hp_recover" : null,
	"mp_recover" : null,
	"consumable" : null,
	"has_trail" : 0,
	"damage_type" : 0,
	"set_buff" : null,
	"set_requirements" : null,
	"buffs" : null,
	"buffs_duration" : 0,
	"affix" : null,
	"buff_chance" : 0,
	"hook_speed" : null,
	"hook_range" : null,
	"is_material" : null,
	"weapon_use_trigger" : 0,
	"cs_onweapontrigger" : null,
	"weapon_use_trigger_type" : null,
	"charge_time" : 0,
	"cs_onweaponcharged" : null,
	"charge_script_on_trigger" : null,
	"charge_disables_ammo" : null,
	"ammo_created" : null,
	"hook_sprite" : null,
	"hook_grab_sound" : null,
	"hook_grab_destroy" : null,
	"summon_id" : null,
	"gender" : "K_ITEM_GENDER_DRILL",
	"map_chart_positive" : null,
	"map_chart_negative" : null,
	"map_chart_chance" : 0,
	"data" : null,
	"cs_onweaponhit" : null,
	"use_animation_charged" : "null",
	"hoe_damage" : 0,
	"shoot_offset_x" : 16.10,
	"shoot_offset_y" : -0.50,
	"well_fed" : 0,
	"held" : 0,
	"fishing_mastery" : null,
	"cs_onweaponkill" : null,
	"unlocks_recipe" : null,
	"animation_instant" : 0,
	"set_description" : "null",
	"flip_swing_sprite" : 0,
	"charge_disables_script" : 0,
	"reverse_team" : 0,
	"show_hair" : 0,
	"ref_mob" : null,
	"cs_onhookupdate" : 0,
	"pet" : 0,
	"drop_text_color" : "0",
	"generate_ammo" : 0,
}